{"cameraMode":{"drawMode":0,"name":"Shaded","section":"Shading Mode"},"sceneLighting":false,"audioPlay":false,"sceneViewState":{"m_AlwaysRefresh":false,"showFog":true,"showSkybox":false,"showFlares":true,"showImageEffects":true,"showParticleSystems":true,"showVisualEffectGraphs":true,"m_FxEnabled":true},"in2DMode":false,"pivot":{"x":-0.1208338737487793,"y":3.2901453971862795,"z":-3.5762786865234377e-7},"rotation":{"x":-0.4254433810710907,"y":-0.23372969031333924,"z":0.11472813785076142,"w":-0.8667275309562683},"size":4.3289031982421879,"orthographic":false}